{
  "nutritional_accuracy": {
    "mape": {
      "calories": 6.20361595872471,
      "protein": 21.232992681390225,
      "fat": 0.22392310597907922,
      "carbohydrates": 20.301328595120665,
      "fiber": 34.924812030075195,
      "overall": 16.577334474257974
    },
    "achievement_ratios": {
      "calories": 0.9379638404127529,
      "protein": 1.2123299268139023,
      "fat": 0.9977607689402092,
      "carbohydrates": 0.7969867140487934,
      "fiber": 0.6507518796992481
    }
  },
  "variety_metrics": {
    "unique_ratio": 0.16666666666666666,
    "shannon_entropy": 2.580099948053648,
    "normalized_entropy": 0.47847701568059303,
    "recipe_repetition": {
      "46": 4,
      "12": 12,
      "55": 6,
      "45": 5,
      "44": 2,
      "58": 3,
      "5": 10
    }
  },
  "consistency_metrics": {
    "calories": 1.8749102306125476,
    "protein": 18.49293699092446,
    "fat": 21.306484243487738,
    "carbohydrates": 9.937526556574303,
    "fiber": 26.422089770534285
  },
  "summary": {
    "overall_nutritional_accuracy": 83.42266552574202,
    "variety_score": 47.8477015680593,
    "consistency_score": 84.39321044157333,
    "overall_score": 72.84723083002034
  }
}